{"metric_name":"network.reception_strength","value":"24","lon":34.8358982,"timestamp":1352289160,"lat":32.1075039,"driver_id":"3"}
{"metric_name":"network.reception_strength","value":"24","lon":34.8358982,"timestamp":1352289164,"lat":32.1075039,"driver_id":"3"}
{"metric_name":"network.reception_strength","value":"24","lon":34.8358982,"timestamp":1352289165,"lat":32.1075039,"driver_id":"3"}
{"metric_name":"network.reception_strength","value":"25","lon":34.8358982,"timestamp":1352289170,"lat":32.1075039,"driver_id":"3"}
{"metric_name":"network.reception_strength","value":"25","lon":34.8358982,"timestamp":1352289170,"lat":32.1075039,"driver_id":"3"}
{"metric_name":"network.reception_strength","value":"25","lon":34.8358982,"timestamp":1352289170,"lat":32.1075039,"driver_id":"3"}
{"metric_name":"network.reception_strength","value":"25","lon":34.8358982,"timestamp":1352289170,"lat":32.1075039,"driver_id":"3"}
{"metric_name":"network.reception_strength","value":"24","lon":34.8358982,"timestamp":1352289189,"lat":32.1075039,"driver_id":"3"}
{"metric_name":"network.reception_strength","value":"24","lon":34.8358982,"timestamp":1352289189,"lat":32.1075039,"driver_id":"3"}
{"metric_name":"network.reception_strength","value":"24","lon":34.8358982,"timestamp":1352289189,"lat":32.1075039,"driver_id":"3"}
{"metric_name":"network.reception_strength","value":"24","lon":34.8358982,"timestamp":1352289189,"lat":32.1075039,"driver_id":"3"}
{"metric_name":"network.api_duration.get_driver_job_history","value":"2924","lon":34.8358982,"timestamp":1352289220,"lat":32.1075039,"driver_id":"3"}
{"metric_name":"network.api_duration.get_driver_message","value":"945","lon":34.8358982,"timestamp":1352289220,"lat":32.1075039,"driver_id":"3"}
{"metric_name":"network.api_duration.driver_message_read","value":"364","lon":34.8358982,"timestamp":1352289220,"lat":32.1075039,"driver_id":"3"}
{"metric_name":"network.api_duration.update_get","value":"517","lon":34.8358982,"timestamp":1352289220,"lat":32.1075039,"driver_id":"3"}
{"metric_name":"network.api_failed.driver_message_read","value":"1","lon":34.8358982,"timestamp":1352289220,"lat":32.1075039,"driver_id":"3"}
{"metric_name":"network.reception_strength","value":"22","lon":34.8358982,"timestamp":1352289229,"lat":32.1075039,"driver_id":"3"}
{"metric_name":"network.reception_strength","value":"22","lon":34.8358982,"timestamp":1352289229,"lat":32.1075039,"driver_id":"3"}
{"metric_name":"network.reception_strength","value":"22","lon":34.8358982,"timestamp":1352289229,"lat":32.1075039,"driver_id":"3"}
{"metric_name":"network.reception_strength","value":"22","lon":34.8358982,"timestamp":1352289229,"lat":32.1075039,"driver_id":"3"}
{"metric_name":"network.api_duration.meter_report","value":"232","lon":34.838409999999996,"timestamp":1352289280,"lat":32.110645,"driver_id":"3"}
{"metric_name":"network.api_duration.update_get","value":"500","lon":34.838409999999996,"timestamp":1352289280,"lat":32.110645,"driver_id":"3"}
{"metric_name":"network.api_duration.meter_report","value":"264","lon":34.83852666666667,"timestamp":1352289340,"lat":32.11037666666667,"driver_id":"3"}
{"metric_name":"network.api_duration.update_get","value":"1307","lon":34.83852666666667,"timestamp":1352289340,"lat":32.11037666666667,"driver_id":"3"}
{"metric_name":"network.api_duration.meter_report","value":"2052","lon":34.83866166666667,"timestamp":1352289400,"lat":32.110395000000004,"driver_id":"3"}
{"metric_name":"network.api_duration.update_get","value":"522","lon":34.83866166666667,"timestamp":1352289400,"lat":32.110395000000004,"driver_id":"3"}
{"metric_name":"network.api_duration.meter_report","value":"304","lon":34.83841833333334,"timestamp":1352289460,"lat":32.110398333333336,"driver_id":"3"}
{"metric_name":"network.api_duration.update_get","value":"437","lon":34.83841833333334,"timestamp":1352289460,"lat":32.110398333333336,"driver_id":"3"}
{"metric_name":"network.api_duration.meter_report","value":"177","lon":34.838345,"timestamp":1352289520,"lat":32.110373333333335,"driver_id":"3"}
{"metric_name":"network.api_duration.update_get","value":"547","lon":34.838345,"timestamp":1352289520,"lat":32.110373333333335,"driver_id":"3"}
{"metric_name":"network.api_duration.meter_report","value":"248","lon":34.83832666666667,"timestamp":1352289580,"lat":32.11025166666666,"driver_id":"3"}
{"metric_name":"network.api_duration.update_get","value":"436","lon":34.83832666666667,"timestamp":1352289580,"lat":32.11025166666666,"driver_id":"3"}
{"metric_name":"network.api_duration.meter_report","value":"411","lon":34.83850666666667,"timestamp":1352289640,"lat":32.11030166666667,"driver_id":"3"}
{"metric_name":"network.api_duration.update_get","value":"564","lon":34.83850666666667,"timestamp":1352289640,"lat":32.11030166666667,"driver_id":"3"}
